<?xml version="1.0" encoding="UTF-8"?>
<project-private xmlns="http://www.netbeans.org/ns/project-private/1">
    <editor-bookmarks xmlns="http://www.netbeans.org/ns/editor-bookmarks/2" lastBookmarkId="0"/>
    <open-files xmlns="http://www.netbeans.org/ns/projectui-open-files/2">
        <group>
            <file>file:/C:/JavaAIT/MiniProject/Steganography/src/steganography/Main.java</file>
            <file>file:/C:/JavaAIT/MiniProject/Steganography/src/steganography/HeaderManager.java</file>
            <file>file:/C:/JavaAIT/MiniProject/Steganography/src/steganography/ByteProcessor.java</file>
            <file>file:/C:/JavaAIT/MiniProject/Steganography/src/steganography/SecurityManager.java</file>
            <file>file:/C:/JavaAIT/MiniProject/Steganography/src/steganography/Extractor.java</file>
            <file>file:/C:/JavaAIT/MiniProject/Steganography/src/steganography/Embedder.java</file>
        </group>
    </open-files>
</project-private>
